도시이름,날짜,요일한글,방문객한글,방문자수
익산시,20210101,금요일,외지인(b),44058 
익산시,20210102,토요일,외지인(b),49910 
익산시,20210103,일요일,외지인(b),40163 
익산시,20210104,월요일,외지인(b),38241 
익산시,20210105,화요일,외지인(b),38763 
익산시,20210106,수요일,외지인(b),38420 
익산시,20210107,목요일,외지인(b),28788 
익산시,20210108,금요일,외지인(b),34755 
익산시,20210109,토요일,외지인(b),41836 
익산시,20210110,일요일,외지인(b),35991 
익산시,20210111,월요일,외지인(b),38640 
익산시,20210112,화요일,외지인(b),40187 
익산시,20210113,수요일,외지인(b),42637 
익산시,20210114,목요일,외지인(b),45196 
익산시,20210115,금요일,외지인(b),47894 
익산시,20210116,토요일,외지인(b),55066 
익산시,20210117,일요일,외지인(b),47261 
익산시,20210118,월요일,외지인(b),38612 
익산시,20210119,화요일,외지인(b),43834 
익산시,20210120,수요일,외지인(b),48384 
익산시,20210121,목요일,외지인(b),47513 
익산시,20210122,금요일,외지인(b),50463 
익산시,20210123,토요일,외지인(b),58601 
익산시,20210124,일요일,외지인(b),53536 
익산시,20210125,월요일,외지인(b),48951 
익산시,20210126,화요일,외지인(b),47614 
익산시,20210127,수요일,외지인(b),50106 
익산시,20210128,목요일,외지인(b),46473 
익산시,20210129,금요일,외지인(b),50775 
익산시,20210130,토요일,외지인(b),59196 
익산시,20210131,일요일,외지인(b),54299 
익산시,20210201,월요일,외지인(b),38798 
익산시,20210202,화요일,외지인(b),40418 
익산시,20210203,수요일,외지인(b),40761 
익산시,20210204,목요일,외지인(b),42571 
익산시,20210205,금요일,외지인(b),48160 
익산시,20210206,토요일,외지인(b),56441 
익산시,20210207,일요일,외지인(b),50848 
익산시,20210208,월요일,외지인(b),45679 
익산시,20210209,화요일,외지인(b),49609 
익산시,20210210,수요일,외지인(b),61845 
익산시,20210211,목요일,외지인(b),92610 
익산시,20210212,금요일,외지인(b),120512 
익산시,20210213,토요일,외지인(b),88197 
익산시,20210214,일요일,외지인(b),58727 
익산시,20210215,월요일,외지인(b),47985 
익산시,20210216,화요일,외지인(b),46270 
익산시,20210217,수요일,외지인(b),44300 
익산시,20210218,목요일,외지인(b),47215 
익산시,20210219,금요일,외지인(b),56469 
익산시,20210220,토요일,외지인(b),65916 
익산시,20210221,일요일,외지인(b),60417 
익산시,20210222,월요일,외지인(b),53445 
익산시,20210223,화요일,외지인(b),54478 
익산시,20210224,수요일,외지인(b),55272 
익산시,20210225,목요일,외지인(b),53739 
익산시,20210226,금요일,외지인(b),62577 
익산시,20210227,토요일,외지인(b),79450 
익산시,20210228,일요일,외지인(b),80777 
익산시,20210301,월요일,외지인(b),52220 
익산시,20210302,화요일,외지인(b),56046 
익산시,20210303,수요일,외지인(b),57747 
익산시,20210304,목요일,외지인(b),56704 
익산시,20210305,금요일,외지인(b),60911 
익산시,20210306,토요일,외지인(b),67382 
익산시,20210307,일요일,외지인(b),61681 
익산시,20210308,월요일,외지인(b),59367 
익산시,20210309,화요일,외지인(b),61618 
익산시,20210310,수요일,외지인(b),62762 
익산시,20210311,목요일,외지인(b),63410 
익산시,20210312,금요일,외지인(b),63350 
익산시,20210313,토요일,외지인(b),73220 
익산시,20210314,일요일,외지인(b),68082 
익산시,20210315,월요일,외지인(b),63581 
익산시,20210316,화요일,외지인(b),64414 
익산시,20210317,수요일,외지인(b),65783 
익산시,20210318,목요일,외지인(b),67053 
익산시,20210319,금요일,외지인(b),71481 
익산시,20210320,토요일,외지인(b),69762 
익산시,20210321,일요일,외지인(b),66917 
익산시,20210322,월요일,외지인(b),63343 
익산시,20210323,화요일,외지인(b),65419 
익산시,20210324,수요일,외지인(b),65751 
익산시,20210325,목요일,외지인(b),68373 
익산시,20210326,금요일,외지인(b),72720 
익산시,20210327,토요일,외지인(b),75520 
익산시,20210328,일요일,외지인(b),68299 
익산시,20210329,월요일,외지인(b),68016 
익산시,20210330,화요일,외지인(b),69979 
익산시,20210331,수요일,외지인(b),71148 
익산시,20210401,목요일,외지인(b),43544 
익산시,20210402,금요일,외지인(b),53256 
익산시,20210403,토요일,외지인(b),62160 
익산시,20210404,일요일,외지인(b),55794 
익산시,20210405,월요일,외지인(b),45329 
익산시,20210406,화요일,외지인(b),44867 
익산시,20210407,수요일,외지인(b),46190 
익산시,20210408,목요일,외지인(b),46967 
익산시,20210409,금요일,외지인(b),55006 
익산시,20210410,토요일,외지인(b),71421 
익산시,20210411,일요일,외지인(b),60865 
익산시,20210412,월요일,외지인(b),42203 
익산시,20210413,화요일,외지인(b),44146 
익산시,20210414,수요일,외지인(b),47009 
익산시,20210415,목요일,외지인(b),48006 
익산시,20210416,금요일,외지인(b),52315 
익산시,20210417,토요일,외지인(b),67701 
익산시,20210418,일요일,외지인(b),58135 
익산시,20210419,월요일,외지인(b),47677 
익산시,20210420,화요일,외지인(b),48916 
익산시,20210421,수요일,외지인(b),50995 
익산시,20210422,목요일,외지인(b),51279 
익산시,20210423,금요일,외지인(b),58370 
익산시,20210424,토요일,외지인(b),72363 
익산시,20210425,일요일,외지인(b),65184 
익산시,20210426,월요일,외지인(b),52168 
익산시,20210427,화요일,외지인(b),52392 
익산시,20210428,수요일,외지인(b),51772 
익산시,20210429,목요일,외지인(b),54814 
익산시,20210430,금요일,외지인(b),62990 
익산시,20210501,토요일,외지인(b),68845 
익산시,20210502,일요일,외지인(b),61117 
익산시,20210503,월요일,외지인(b),48374 
익산시,20210504,화요일,외지인(b),51947 
익산시,20210505,수요일,외지인(b),60102 
익산시,20210506,목요일,외지인(b),52479 
익산시,20210507,금요일,외지인(b),62367 
익산시,20210508,토요일,외지인(b),92631 
익산시,20210509,일요일,외지인(b),78316 
익산시,20210510,월요일,외지인(b),48367 
익산시,20210511,화요일,외지인(b),47772 
익산시,20210512,수요일,외지인(b),50890 
익산시,20210513,목요일,외지인(b),52437 
익산시,20210514,금요일,외지인(b),59220 
익산시,20210515,토요일,외지인(b),68362 
익산시,20210516,일요일,외지인(b),54551 
익산시,20210517,월요일,외지인(b),49956 
익산시,20210518,화요일,외지인(b),57596 
익산시,20210519,수요일,외지인(b),61093 
익산시,20210520,목요일,외지인(b),53340 
익산시,20210521,금요일,외지인(b),59115 
익산시,20210522,토요일,외지인(b),75037 
익산시,20210523,일요일,외지인(b),64810 
익산시,20210524,월요일,외지인(b),54793 
익산시,20210525,화요일,외지인(b),54327 
익산시,20210526,수요일,외지인(b),55139 
익산시,20210527,목요일,외지인(b),55808 
익산시,20210528,금요일,외지인(b),60207 
익산시,20210529,토요일,외지인(b),75842 
익산시,20210530,일요일,외지인(b),67911 
익산시,20210531,월요일,외지인(b),56123 
익산시,20210601,화요일,외지인(b),41458 
익산시,20210602,수요일,외지인(b),43621 
익산시,20210603,목요일,외지인(b),42242 
익산시,20210604,금요일,외지인(b),53344 
익산시,20210605,토요일,외지인(b),67484 
익산시,20210606,일요일,외지인(b),58303 
익산시,20210607,월요일,외지인(b),45959 
익산시,20210608,화요일,외지인(b),47849 
익산시,20210609,수요일,외지인(b),49032 
익산시,20210610,목요일,외지인(b),51366 
익산시,20210611,금요일,외지인(b),56084 
익산시,20210612,토요일,외지인(b),69692 
익산시,20210613,일요일,외지인(b),61877 
익산시,20210614,월요일,외지인(b),52157 
익산시,20210615,화요일,외지인(b),52455 
익산시,20210616,수요일,외지인(b),54488 
익산시,20210617,목요일,외지인(b),55682 
익산시,20210618,금요일,외지인(b),59038 
익산시,20210619,토요일,외지인(b),74456 
익산시,20210620,일요일,외지인(b),64134 
익산시,20210621,월요일,외지인(b),52525 
익산시,20210622,화요일,외지인(b),53844 
익산시,20210623,수요일,외지인(b),52238 
익산시,20210624,목요일,외지인(b),54719 
익산시,20210625,금요일,외지인(b),61898 
익산시,20210626,토요일,외지인(b),75289 
익산시,20210627,일요일,외지인(b),66630 
익산시,20210628,월요일,외지인(b),54026 
익산시,20210629,화요일,외지인(b),54670 
익산시,20210630,수요일,외지인(b),54723 
익산시,20210701,목요일,외지인(b),43785 
익산시,20210702,금요일,외지인(b),50684 
익산시,20210703,토요일,외지인(b),63840 
익산시,20210704,일요일,외지인(b),54142 
익산시,20210705,월요일,외지인(b),44482 
익산시,20210706,화요일,외지인(b),43603 
익산시,20210707,수요일,외지인(b),44671 
익산시,20210708,목요일,외지인(b),46022 
익산시,20210709,금요일,외지인(b),53316 
익산시,20210710,토요일,외지인(b),66150 
익산시,20210711,일요일,외지인(b),58702 
익산시,20210712,월요일,외지인(b),46981 
익산시,20210713,화요일,외지인(b),48451 
익산시,20210714,수요일,외지인(b),51688 
익산시,20210715,목요일,외지인(b),50740 
익산시,20210716,금요일,외지인(b),57740 
익산시,20210717,토요일,외지인(b),67795 
익산시,20210718,일요일,외지인(b),60834 
익산시,20210719,월요일,외지인(b),51713 
익산시,20210720,화요일,외지인(b),52346 
익산시,20210721,수요일,외지인(b),54047 
익산시,20210722,목요일,외지인(b),54999 
익산시,20210723,금요일,외지인(b),59787 
익산시,20210724,토요일,외지인(b),69482 
익산시,20210725,일요일,외지인(b),61572 
익산시,20210726,월요일,외지인(b),56000 
익산시,20210727,화요일,외지인(b),56396 
익산시,20210728,수요일,외지인(b),57638 
익산시,20210729,목요일,외지인(b),59070 
익산시,20210730,금요일,외지인(b),65989 
익산시,20210731,토요일,외지인(b),75506 
익산시,20210801,일요일,외지인(b),57869 
익산시,20210802,월요일,외지인(b),52143 
익산시,20210803,화요일,외지인(b),53918 
익산시,20210804,수요일,외지인(b),53036 
익산시,20210805,목요일,외지인(b),52913 
익산시,20210806,금요일,외지인(b),56476 
익산시,20210807,토요일,외지인(b),63690 
익산시,20210808,일요일,외지인(b),57432 
익산시,20210809,월요일,외지인(b),50194 
익산시,20210810,화요일,외지인(b),50736 
익산시,20210811,수요일,외지인(b),51128 
익산시,20210812,목요일,외지인(b),52014 
익산시,20210813,금요일,외지인(b),59066 
익산시,20210814,토요일,외지인(b),71852 
익산시,20210815,일요일,외지인(b),68775 
익산시,20210816,월요일,외지인(b),58454 
익산시,20210817,화요일,외지인(b),51587 
익산시,20210818,수요일,외지인(b),53018 
익산시,20210819,목요일,외지인(b),53603 
익산시,20210820,금요일,외지인(b),57785 
익산시,20210821,토요일,외지인(b),60050 
익산시,20210822,일요일,외지인(b),59577 
익산시,20210823,월요일,외지인(b),48920 
익산시,20210824,화요일,외지인(b),49242 
익산시,20210825,수요일,외지인(b),52857 
익산시,20210826,목요일,외지인(b),56987 
익산시,20210827,금요일,외지인(b),59168 
익산시,20210828,토요일,외지인(b),73539 
익산시,20210829,일요일,외지인(b),65114 
익산시,20210830,월요일,외지인(b),57729 
익산시,20210901,수요일,외지인(b),44569 
익산시,20210902,목요일,외지인(b),48038 
익산시,20210903,금요일,외지인(b),55542 
익산시,20210904,토요일,외지인(b),71502 
익산시,20210905,일요일,외지인(b),59896 
익산시,20210906,월요일,외지인(b),48034 
익산시,20210907,화요일,외지인(b),47838 
익산시,20210908,수요일,외지인(b),52371 
익산시,20210909,목요일,외지인(b),54887 
익산시,20210910,금요일,외지인(b),60358 
익산시,20210911,토요일,외지인(b),76055 
익산시,20210912,일요일,외지인(b),65863 
익산시,20210913,월요일,외지인(b),53417 
익산시,20210914,화요일,외지인(b),56144 
익산시,20210915,수요일,외지인(b),57680 
익산시,20210916,목요일,외지인(b),58380 
익산시,20210917,금요일,외지인(b),63455 
익산시,20210918,토요일,외지인(b),88939 
익산시,20210919,일요일,외지인(b),107930 
익산시,20210920,월요일,외지인(b),128184 
익산시,20210921,화요일,외지인(b),153710 
익산시,20210922,수요일,외지인(b),85078 
익산시,20210923,목요일,외지인(b),59763 
익산시,20210924,금요일,외지인(b),59273 
익산시,20210925,토요일,외지인(b),68425 
익산시,20210926,일요일,외지인(b),60508 
익산시,20210927,월요일,외지인(b),55559 
